title,brand_name,original_price,discount_price,discount_amount,discount_percentage,rating,review_count,battery_capacity(Ah),battery_life(year),battery_voltage(V),mileage_per_charge(km),motor(W),maximum_speed(km/hr)
"2 Pack 26"" E-Bike Fat Tires Heavy Duty 26 x 4.0 and 26"" Bike Tubes 26 x 4.0/4.5 AV32mm Schrader Valve and 2 Nylon Rim Strips Compatible with 26"" x 4.0"" Electric Bike/Mountain Bike Tires and Tubes",2,31192,31192,0,0.00%,4.7,363,17.56,2,500,48,26,25
36V/48V 350W Electric Bicycle E-Bike Brushless DC Motor Speed Controller|Sporting Goods | Cycling |Electric Bicycle Components|1 Piece E Bikes Motor Controller,36V/48V,3100,2010,1090,35.16%,4.08,69,17.56,1,36,48,35,25
Acer Flare X Electric Cycle for Adults | 27.5” Wheel Size | Aluminium Alloy Frame | 250W BLDC Motor | Front Hydraulic Suspension | Removable Battery | Pedal Assist & Throttle Mode,Acer,43749,34999,8750,20.00%,3,2,9,1,500,25,25,25
Acer Horizon Electric Cycle for Adults with 36V 250W Speevo Motor & 9Ah Removable Battery | Durable Aluminium Alloy Frame with Dual DISC Brake & Dual LED Lights,Acer,70000,64000,6000,8.57%,3,2,9,1,36,30,25,25
"Acer Momentum Electric Cycle | 36V 250W HYM Bafang Hub Motor, 9Ah in-Frame Removable Battery | Shimano 7 Speed Gears, Dual Disc Brakes, Hydraulic Suspension | King Meter LCD, Password Protected",Acer,70000,65000,5000,7.14%,3,2,9,1,36,50,25,25
"Air Urban E Cycle Unisex Electric Bike (18 inch Frame, 7.8Ah Li Ion Removable Battery, Front & Rear Suspension, Digital Display, 250W Motor,50~60kms Range) (Black)",Air,33999,31999,2000,5.88%,4.4,32,7.8,1,500,55,25,25
"Alter 26"" 002S Model Electric Cycle with 36V 250W BLDC HUB Motor with Waterproof Connector | Lithium ION Battery in Frame | 95% PREASSEMBLED with Charger (5.2AH, Orange)",Alter,50000,23572,26428,52.86%,5,2,5.2,1,36,27,25,30
"Alter 26"" 003 PRO Model Electric Cycle with 7.8AH Removable Lithium ION Battery | 12 Magnets PAS with 5 Control Modes | 95% PRE- Assembled (Black & Golden)",Alter,59999,37170,22829,38.05%,3,1,7.8,1,500,27,33,30
"Alter 26"" 003PRO-I Model Electric Cycle with R/L Indicator | Removable LI-ION Battery| PAS with 5 Control Mode| 95% PRE Assembled with Charger (Yellow & Black)",Alter,33760,32000,1760,5.21%,4,2,10.4,1,500,40,33,30
"Alter 26"" 003PRO-I Model Electric Cycle with R/L Indicator | Removable LI-ION Battery| PAS with 5 Control Mode| 95% PRE Assembled with Charger (Yellow, 10.4AH)",Alter,35580,35580,0,0.00%,4,2,10.4,1,500,40,6,30
"Alter 26"" 003PRO-I Model Electric Cycle with R/L Indicator | Removable LI-ION Battery| PAS with 5 Control Mode| 95% PRE Assembled with Charger (Yellow, 13AH)",Alter,37400,37399,1,0.00%,4,2,13,1,500,37,96,30
"Alter 26"" 003PRO-I Model Electric Cycle with R/L Indicator | Removable LI-ION Battery| PAS with 5 Control Mode| 95% PRE Assembled with Charger (Yellow, 15.6AH)",Alter,39220,39220,0,0.00%,4,2,15.6,1,500,43,3,30
ALTIS Love 1.9 KW Lithium ION Battery Electric Bicycles (Red),ALTIS,99999,79000,20999,21.00%,4.08,69,15.6,2,500,105,26,95
"Amardeep cycles Foldable Sports Bicycle Mountain High Carbon Steel Frame Adults Bike with Double Disc Brake 21 Speed Gear (Black), Dual",Amardeep,34999,11999,23000,65.72%,3.3,47,17.56,1,500,48,26,25
"Ampere Magnus Neo Electric Scooter by Greaves | 118 km IDC Range | Safe LFP Battery with 5-Year / 75,000 km Warranty | Ex-Showroom (Galatic Grey, Magnus Neo)",Ampere,94999,88499,6500,6.84%,4.3,221,30,5,500,118,2,65
Aoki Cadence GL Electric Urban Bicycle | Carbon Belt Drive | 250W Motor | Ultralight <20kg | Stem Display | 700C Tyres | Removable Battery | Arctic White,Aoki,69999,58999,11000,15.71%,5,1,10.4,1,500,70,25,25
"Aoki Flex Go Foldable Electric Bicycle | 48V 250W Hub Motor | 70km Range | 12.8Ah Removable Samsung Battery | 20"" Fat Tyres | 25kmph Speed | Black",Aoki,70999,59999,11000,15.49%,5,1,12.8,10,48,70,25,25
Aoki Street Ghost Electric Bicycle | 48V 250W Motor | 105km Range | 15.6Ah Removable Battery | Dual Rear Suspension | Moto-Style with Indicators | Black,Aoki,73999,62999,11000,14.87%,5,3,15.6,10,48,105,25,25
"Bhavanath Electric Vahicel - Komakii Xgt Km Electric Ebike ! 2 Wheeler ! E Scooty(Liad Charger) (White), Unisex Children",Bhavanath,92999,90000,2999,3.22%,4.08,69,2,2,500,25,2,25
Bicycle Front Seat for Kids for 6 Months - 8 Years Old Mountain Bike Outdoor Black1 Kids Bicycle Front SeatSporting GoodsSporting Goods|Sporting Goods|Sporting Goods,Bicycle,16124,8891,7233,44.86%,4.08,69,17.56,8,500,48,26,25
Bicycle Front Seat for Kids for 6 Months - 8 Years Old Mountain Bike Outdoor Brown with Armrests1 Kids Bicycle Front SeatSporting GoodsSporting Goods|Sporting Goods|Sporting Goods,Bicycle,16847,9333,7514,44.60%,4.08,69,17.56,8,500,48,26,25
bnf® Bike Cup Holder Bicycle Water Bottle Holder for Outdoor Mountain Road E Bike Black|1 Set Bike Water Bottle,bnf®,1948,1100,848,43.53%,4.08,69,17.56,2,500,0,26,25
bnf® Bike Cup Holder Bicycle Water Bottle Holder for Outdoor Mountain Road E Bike Blue|1 Set Bike Water Bottle,bnf®,1923,1170,753,39.16%,4.08,69,17.56,2,500,0,26,25
bnf® Bike Cup Holder Bicycle Water Bottle Holder for Outdoor Mountain Road E Bike Pink|1 Set Bike Water Bottle,bnf®,1920,1170,750,39.06%,4.08,69,17.56,2,500,0,26,25
bnf® Bike Cup Holder Bicycle Water Bottle Holder for Outdoor Mountain Road E Bike Purple|1 Set Bike Water Bottle,bnf®,1920,1170,750,39.06%,4.08,69,17.56,2,500,0,26,25
BNF®Bike Computer Mount Adapter Base Accessories Adjustable Action Camera Holder Hollow|Sporting Goods|Cycling|Bicycle Electronics |Package Includes:1 Set Bike Computer Mount,BNF®Bike,3654,2149,1505,41.19%,4.08,69,17.56,1,500,48,26,25
BNF®E-Bike Rear Light 6V-60V Night Tailight Easy Install Fit for Electric Bike Waterproof Connector|Sporting Goods|Cycling|Bicycle Accessories |Package Includes:1 x Tailight,BNF®E-Bike,2865,1685,1180,41.19%,4.08,69,17.56,1,6,48,26,25
BNF®Electric Bike LCD Display 22.2mm Dia Handlebar Accessories LCD Display Meter|Sporting Goods|Cycling|Bicycle Components & Parts |Package Includes:1 Electric Bike LCD Display,BNF®Electric,7114,4185,2929,41.17%,4.08,69,17.56,1,500,48,26,25
CLUB BOLLYWOOD® 3X E Bike Motor Gear Part Electric Bicycle Nylon Gear for Bicycle Motorcycle|Sporting Goods | Cycling |Electric Bicycle Components|0,CLUB,2361,1389,972,41.17%,4.08,69,17.56,1,500,48,26,25
Club Bollywood® Electric Bicycle LCD Display 24V 36V 48V Scooter LCD Panel M5 E Bike Display|Sporting Goods | Cycling |Electric Bicycle Components|0,Club,8810,5318,3492,39.64%,4.08,69,17.56,1,24,48,26,25
CLUB BOLLYWOOD®CB-Kids Bike Basket Front Decoration Carrying Handlebar Basket for Boys Camping|Sporting Goods |Cycling |Bicycle Accessories |1 Kids Bike Basket,CLUB,2797,1638,1159,41.44%,4.08,69,17.56,1,500,48,26,25
"Cradiac Squad 21 Speed High Performance Steel Mountain Cycles for Men with Front Suspension & Dual Disc Brake 21 Geared MTB Bike 29 T | Ideal for 15+ Years, Unisex, Frame Size : 18.5 inch",Cradiac,26999,12677,14322,53.05%,4,519,17.56,1,500,48,26,25
CULTSPORT by Cult Escalator 27.5T Grey with 250W BLDC Motor| 4 Hours Fast Charge| 7.8 Ah Li-ion Battery| Up to 35 Km| 27.5 Inches Wheels| Single Speed Electric Cycle | Ideal for 15+ Years,CULTSPORT,34999,34999,0,0.00%,4.08,69,7.8,1,500,35,25,15
CYPRO 26 DXE ECO Pulse E - Bicycle,CYPRO,29999,25999,4000,13.33%,4.08,69,7.8,1,500,55,26,25
"E MOTORAD - RIDE THE ELECTRIC REVOLUTION T-REX AIR Unisex Electric Bicycle 29"" Wheel Size 16.5inch Frame 250W BLDC Motor Front Suspension 7 Speed Shimano Gears (Metallic Red, 29 inch Wheel)",EMotorad,47999,37499,10500,21.88%,4,179,3,1,500,25,25,25
"E MOTORAD - RIDE THE ELECTRIC REVOLUTION Unisex X1 Mountain Electric Cycle with Removable Battery, 27.5inch Wheel Size, Front Suspension, 250W BLDC Motor, 90% Assembled (10.2Ah Battery, Ruby Red)",EMotorad,32999,30999,2000,6.06%,4.1,762,10.2,1,500,25,25,25
Electric Bicycles Front Mount Seat Portable Kids Seat Saddle Handrail1 Front Seat Saddle for ChildSporting GoodsSporting Goods|Sporting Goods|Sporting Goods,Electric,20935,8286,12649,60.42%,5,1,8.1,1,500,47,33,25
"Electric Bike GM360+ | 26"" Tyre | 25 km/h Top Speed | 250W Motor | Disc Brakes | 10.4Ah Detachable NMC Battery | 3-Level Pedal Assist | Spring Front Suspension | Grey",Electric,37999,37999,0,0.00%,5,1,10.4,1,500,25,25,25
Electric Bike with Anti Theft Alarm & Burgler Security | Heavy-Duty E-scooty with USB Charging Point & Reverse Gear Feature (NKSL001_ Peacock Blue),Electric,35998,35998,0,0.00%,5,1,5.8,1,500,30,35,25
Electric Bike with Anti Theft Alarm & Burgler Security | Heavy-Duty E-scooty with USB Charging Point & Reverse Gear Feature (NKSL002_Red),Electric,35998,35998,0,0.00%,5,1,5.8,1,500,30,35,25
Electric Bike with Anti Theft Alarm & Burgler Security | Heavy-Duty E-scooty with USB Charging Point & Reverse Gear Feature (NKSL003_ Grey),Electric,35998,35998,0,0.00%,5,1,5.8,1,500,120,35,25
Electric Bike with Anti Theft Alarm & Burgler Security | Heavy-Duty E-scooty with USB Charging Point & Reverse Gear Feature (NKSL003_Red),Electric,35998,35998,0,0.00%,5,1,5.8,1,500,30,35,25
Electric Cycle (Black),Electric,46999,46999,0,0.00%,5,1,15,2,500,47,35,25
Electric Scooter Child Seat Front for Motorcycle Pedal Scooter Electric Bike black1 Seat1 Storage 1 StrapSporting GoodsSporting Goods|Sporting Goods|Sporting Goods,Electric,12829,8600,4229,32.96%,5,1,8.1,1,500,47,33,25
EMotorad Dope Kids E-Bike | High Tensile Steel Frame | 5.2Ah Removable Battery | Cluster C2 Display | 3 Levels of Pedal Assist | 250W Rear Hub Motor | Single Speed | 15 km/h Speed | Up to 22 km Range,EMotorad,25999,19999,6000,23.08%,3.9,12,5.2,1,500,15,25,15
EMotorad Legend 07 Black 27.5 inches 7 Speed Lithium-ion (Li-ion) Electric Cycle,EMotorad,39999,32999,7000,17.50%,4.25,239,7.65,5,500,50,25,25
"EMotorad X1 Electric Cycle for Men & Women | 36V 7.65Ah Battery Cycle | Up to 35KM Range, 25 km/h Speed | 27.5” Electric Bicycle with Front Suspension (Ruby Red)",EMotorad,29999,25999,4000,13.33%,4.25,239,7.65,1,36,35,25,25
"EMotorad X1 Electric Cycle for Men & Women | 36V 7.65Ah Battery Cycle | Up to 35KM Range, 25 km/h Speed | 27.5” Electric Bicycle with Front Suspension, Front Light & Mudguard (Sky Blue)",EMotorad,32999,27999,5000,15.15%,4.25,239,7.65,5,36,35,25,25
"EMotorad Xcape G1 Electric Cargo Cycle, 48V 250W Motor, 100km Range, Dual Batteries, Heavy-Duty Frame, Black (Orange)",EMotorad,79999,79999,0,0.00%,5,1,10.2,2,48,100,25,23
Enakshi E-Bike Rear Light 6V-60V Night Tailight Easy Install Fit for Electric Bike Waterproof Connector|Sporting Goods|Cycling|Bicycle Accessories |Package Includes:1 x Tailight,Enakshi,2549,1699,850,33.35%,4.08,69,17.56,2,6,48,26,25
Enakshi Electric Bike LCD Display 22.2mm Dia Handlebar Accessories LCD Display Meter|Sporting Goods|Cycling|Bicycle Components & Parts |Package Includes:1 Electric Bike LCD Display,Enakshi,7895,5263,2632,33.34%,4.08,69,17.56,2,500,48,26,25
Enakshi Generic Bike Seat with Backrest for Road Bicycle Electric Bike Tricycle|Sporting Goods|Cycling|Bicycle Components & Parts |Package Includes:1 Bike Saddle with Backrest,Enakshi,8103,5402,2701,33.33%,4.08,69,17.56,2,500,48,26,25
"EV GO Electric Bicycle Pedelec, Speed Upto 25 KM/HR Throttle and Classic Mode for Women and Men BLDC Electric Motor Mileage 35 KM per Charge Negligible Running Cost Make in India",EV,34500,30000,4500,13.04%,1.5,4,6.6,1,500,25,26,25
HABROK Alloy Electric Cycle 21 Speed with Front Suspension Dual disc Brake (27.5),HABROK,23999,23999,0,0.00%,4.08,69,7.8,1,500,50,25,25
Heileo H200 | Hybrid Electric Cycle | India's Lightest eBikes | 60 KM Range | Removable Battery | 8-Speed Shimano Cassette Gears | 19 x 700c (Medium),Heileo,62990,62990,0,0.00%,4.4,6,7.8,1,500,60,7,25
Heileo M100 | Mountain Electric Cycle | India's Lightest eBikes | 80 KM Range | Removable Battery | 7-Speed Shimano Gears | 16 x 27.5 (Medium),Heileo,50990,50990,0,0.00%,3.4,10,20,1,500,80,7,25
"HIPPO 2020 Electric Bike with Front Suspension & Dual DISC Brake, Detachable Battery, Tyre 26x2.35, for Mens Adults Ideal Height 5Ft- 7inch. Frame 18.5"" - Black- F.Orange",HIPPO,51000,35000,16000,31.37%,5,1,735,1,500,36,26,25
HORNBACK UniByk Electric Cycle 27.5 Inch | Easy Access Frame E-Bike | 60 Km Range | Pedal Assist & Throttle (Moonlight White),HORNBACK,26999,26999,0,0.00%,4.6,14,7.8,2,500,60,25,15
"HORNBACK X1 Pro Foldable Electric Bicycle 27.5 Inch | 250W BLDC Motor, 75Km Range, 13Ah Removable Battery | Shimano Altus 21-Speed | Throttle + Pedal Assist + Cruise Control | Cycle for Men & Women",HORNBACK,31999,31999,0,0.00%,4.2,27,13,2,500,75,25,22
HORNBACK X1Pro V2 Electric Cycle 27.5 Inch | 75 km Pedal Assist | 13Ah Removable Battery | Shimano Gears | Front Lockout Suspension | LCD Display | Delivered 98% Assembled | Men & Women | Ocean Blue,HORNBACK,40269,40269,0,0.00%,5,1,13,2,500,75,25,25
HORNBACK X1s V2 Electric Cycle 27.5 Inch | 75 km Pedal Assist | 13 Ah Battery | Single Speed | Front Suspension | LCD Display | Delivered 98% Assembled | Men & Women | Radioactive Green,HORNBACK,40269,40269,0,0.00%,4.6,14,13,2,500,75,25,25
"Kidsmate Ride Xtreme Electric Bike for Kids | 6V Battery, MP3 Player, USB, Bluetooth, LED Lights & Foot Accelerator | Battery-Operated Ride-On Bike with Backrest for Boys & Girls Aged 1-5 Years",Kidsmate,18999,4499,14500,76.32%,3.5,825,4,5,6,48,26,25
"Leader E-Power L7 27.5T Electric Cycle with Front Suspension & Dual DISC Brake | Front LED Light and Horn (Li-Ion Battery, 250W BLDC Motor)| 1 Year Warranty on Battery & Motor (Grey-Orange)",Leader,60000,23999,36001,60.00%,3.5,181,17.56,1,500,5,25,25
MATELCO IRIS Ei26 Aluminium Alloy 26 inches 7 Gear Lithium-ion (Li-ion) Electric Cycle,MATELCO,49999,37999,12000,24.00%,4.08,69,8.36,1,500,33,17,33
"MATELCO Ubero Electric Cycle 26"" inch MTB Cycle Front Suspension Double Disc Brake 26 T Mountain Cycle (Single Speed, White)",MATELCO,5912,5912,0,0.00%,4.08,69,5.8,1,500,105,25,30
MATELCO Ultra EA 26x300 TYRE NEON 26 inches Single Speed Lithium-ion (Li-ion) Electric Cycle,MATELCO,375,375,0,0.00%,4.08,69,8.36,1,500,28,6,28
"MATELCO Ultra EA24 Electric Cycle TYRE 24x300 with 7.65Ah Removable Battery, Front Suspension, 250W BLDC Motor, Quick Acceleration, 90% Assembled (Black ICE)",MATELCO,35998,35998,0,0.00%,4.08,69,7.65,1,500,35,3,30
MATELCO Ultra EA27 Electric Bicycle 27.5 Inch Pedal Assist with Double Disc Breakers Yellow (7.5 AH),MATELCO,35998,35998,0,0.00%,4.08,69,7.5,1,500,35,25,30
MATELCO Urbano EA26 12.5AH Battery 26 inches Single Speed Lithium-ion (Li-ion) Electric Cycle,MATELCO,35998,35998,0,0.00%,4.08,69,12.5,1,500,28,25,28
"Mild Steel Hub Motor Autoline Espeed 24 Electric Bicycle, 4 Hours",Mild,29999,27999,2000,6.67%,4.08,69,11,1,500,25,26,25
Motovolt HUM 24 Electric Cycle - Standard | 75 Km Range | 250W 36V BLDC Motor | Removable Battery - 12Ah Lithium-ion | 120 Kg Load Capacity | Dual Suspension | 24” Tyres | Carbon Grey,Motovolt,37999,37999,0,0.00%,3.6,3,12,1,36,75,25,15
Motovolt HUM Electric Cycle - Standard | 105 Km Range | 250W 36V BLDC Motor | Removable Battery - 16Ah Lithium-ion | 120 Kg Load Capacity | Dual Suspension | 26” Tyres | Black,Motovolt,39769,39769,0,0.00%,3.8,53,16,1,36,105,25,16
"Motovolt Kivo 24 Standard Electric Cycle | 36V 250W BLDC Motor | Up to 75 KM Range | 12 Ah Removable Li-ion Battery (IP65, BIS Certified) | 110 kg Payload | Front Suspension | 24” Tyres | Carbon Grey",Motovolt,31999,31999,0,0.00%,3.82,63,12,1,36,75,25,15
Motovolt KIVO Easy Electric Cycle - LITE | 45 Km Range | 250W 36V BLDC Motor | Removable Battery - 6Ah Lithium-ion | 110 Kg Load Capacity |Front Suspension | 26” Tyres | Aqua Blue,Motovolt,19999,19999,0,0.00%,3.7,117,6,1,36,45,25,15
Motovolt KIVO Easy Electric Cycle - Standard | 105 Km Range | 250W 36V BLDC Motor | Removable Battery - 16Ah Lithium-ion| 110 Kg Load Capacity | Front Suspension | 26” Tyres | Aqua Blue,Motovolt,37999,37999,0,0.00%,4,10,16,1,36,105,25,25
Motovolt URBN E Bike | URBN Standard Long Range | Range up to 120 Kms in Pedal Assist Mode | Electric Cycle (Red & White),Motovolt,39769,39769,0,0.00%,4,134,8.5,1,500,120,35,25
Neelam Bull FIRE 27.5T Unisex Electric Bike | 36V 250W Inbuilt Battery | 7.8Ah | Disk Brake | Suspension Fork | Inbuilt Carrier | 30KM Range | Metallic Grey,Neelam,35599,27499,8100,22.75%,5,1,7.8,1,36,30,25,19
Neelam Bull FIRE Unisex Electric Bicycle 26T | Inbuilt Carrier | 36V 250W Battery | 7.8Ah | Suspension Fork | Disk Brake | 35KM Range |Mettalic Grey,Neelam,35599,27999,7600,21.35%,4.51,5,7.8,1,36,35,25,15
Neelam E BULLFIRE Unisex Electric BicycleT27.5 High Tensile Steel Frame|Disk Brake|Outer Battery36V-250W|10.4AH|Suspension Fork|Battery Indication Display|Saddle with Memory Foam Color Lemon Green,Neelam,35999,29499,6500,18.06%,3.1,6,10.4,1,36,37,25,15
"Neelam E Inferno Unisex Electric Bicycle T-27.5"" High Tensile Steel Frame| Disk Brake|Outer Battery 36V-250W|10.4 AH| Suspension Fork|LED Display|Memory Foam Saddle Color- RED",Neelam,32999,29499,3500,10.61%,5,4,10.4,1,36,37,25,15
Neelam E PRIZM Unisex Electric Bicycle T-26 High Tensile Steel Frame| Disk Brake|INBUILT Battery 36V-250W |7.8AH|Suspension Fork|Battery Indication Display |Saddle with Memory Foam Color-Ice Blue,Neelam,29499,26999,2500,8.47%,3.5,11,7.8,1,36,27,25,15
Neelam E PRIZM Unisex Electric Bicycle T-26 High Tensile Steel Frame|Disk Brake|INBUILT Battery 36V-250W |7.8AH|Suspension Fork|Battery Indication Display |Saddle with Memory Foam Color-Light Pink,Neelam,29999,26999,3000,10.00%,3.5,11,7.8,1,36,27,25,15
Neelam E VETON 26T Electric Cycle for Men & Women | 250W Motor | Inbuilt 7.8Ah Battery | Disc Brakes | Suspension | Confetti Black,Neelam,33599,26999,6600,19.64%,4.51,5,7.8,1,500,27,25,15
Neelam Fat Bike 4.0 Unisex Electric Bicycle 26T | 36V 350W Battery | 10.4Ah | Double Crown Suspension Fork | Disk Brake | LED Display | PU Foam Saddle |Khaki,Neelam,45999,37999,8000,17.39%,5,2,10.4,1,36,27,35,19
Neelam N.E 2.9 Electric Cycle for Men & Women | 29T Strong Steel Frame | 36V 250W Motor | 10.4Ah Removable Battery | Dual Disc Brakes | LED Display | Royal Blue,Neelam,41999,31999,10000,23.81%,5,2,10.4,1,36,33,25,25
Neelam N.E 2.9 Electric Cycle for Men & Women | 29T Strong Steel Frame | 36V 250W Motor | 7.8Ah Removable Battery | Dual Disc Brakes | LED Display | Royal Blue,Neelam,41999,29999,12000,28.57%,4.51,5,7.8,1,36,27,25,25
Neelam Shockbuzz NB 1.0 Electric Bicycle 26T | 36V 250W Motor | 7.8Ah Removable Battery | Dual Disc Brakes | Front Suspension | Memory Foam Saddle | Unisex E-Cycle | Blue,Neelam,35499,27999,7500,21.13%,5,4,7.8,1,36,27,25,19
Neelam Shockbuzz NB 1.0 Electric Bicycle 27.5T | Detachable Carrier | 30KM Range | 36V 250W Motor | 7.8Ah Battery | Front Suspension Fork | Dual Disc Brakes | Unisex E-Cycle | Blue,Neelam,35999,26999,9000,25.00%,5,2,7.8,1,36,30,25,25
Neelam Shockbuzz NI 1.0 Electric Bicycle 26T with Rear Carrier | 30KM Range | 36V 250W Motor | 7.8Ah Removable Battery | Dual Disc Brakes | Front Suspension | Unisex E-Cycle | Yellow,Neelam,29999,27999,2000,6.67%,5,2,7.8,1,36,30,25,19
Neelam SHOCKBUZZ NP 1.0 Unisex Electric Bicycle T-26 High Tensile Steel Frame| Disk Brake|INBUILT Battery 10.4 AH|Susp. Fork|Battery Indication Display |Saddle with Memory Foam|L.Grey,Neelam,33489,27999,5490,16.39%,4.51,5,10.4,2,500,37,26,19
Neelam SHOCKBUZZ NP 1.0 Unisex Electric Bicycle T-26 High Tensile Steel Frame| Disk Brake|INBUILT Battery 36V-250W |7.8AH|Susp.Fork|Battery Indication Display |Saddle with Memory Foam Color- L.Grey,Neelam,31241,26499,4742,15.18%,4.51,5,7.8,2,36,27,25,19
Neelam SHOCKBUZZ Static | 26T Electric Cycle for Men & Women | 250W Motor | Inbuilt 7.8Ah Battery | Disc Brakes | Suspension | Mettalic Copper,Neelam,31241,26999,4242,13.58%,4.51,5,7.8,2,500,27,25,25
"NEXOVA 14 T Rocky SkyBlue Cycle 14 T Inch Road Cycle (Single Speed, Blue, Rigid)",NEXOVA,9629,6419,3210,33.34%,4.08,69,17.56,5,500,48,26,25
"NINETY ONE E Cycle Series (Madrid - White Yellow, 27.5T - 21 Speed)",NINETY,30000,22999,7001,23.34%,4.1,216,7.65,1,500,17,26,25
Ninety ONE E-Drago 27.5T Single Speed Electric Cycle with 7.65Ah Removable Battery,Ninety,42000,39999,2001,4.76%,5,2,7.65,1,500,55,26,25
"Ninety ONE Viper 27.5T 21 Speed Hybrid Bike (Ideal for: 12+ Years, Brake: Disc)",Ninety,30000,21650,8350,27.83%,4.2,70,7.65,1,500,36,26,25
"Ride The Change Alpha A Lite Unisex Electric Cycle, 90% Assembled (26 Inches Frame, Single Speed, 5.2Ah Li-ion Battery, Lightweight Design, 250W Motor, Matte Black)",Ride,25410,25410,0,0.00%,4.08,69,5.2,1,500,48,25,25
"Series E Electric Cycle 26"" Fat Tyres with Front Suspension Dual Disc Brakes 21-Speed Gears Fast Charging Up to 40 Km Range on PAS Make in India Certified (Grey)",Series,55999,44999,11000,19.64%,4.08,69,5.8,1,500,40,26,25
Stormrider 26x4” Electric Fat Bike for Adults | 350W Rust & Waterproof Powertrain | Patented 36V 13Ah Swappable Battery | Headlight & Horn | Pedal Assist + Throttle Mode- Red,Stormrider,54999,46999,8000,14.55%,4.7,12,13,1,36,105,35,25
Stryder Airborne 26T Fat Tyre Electric Cycle for Men & Women (5.2–6 Ft) | 250W Motor | 10.4Ah Removable Battery | 40KM Range | Dual Disc Brakes | Front Suspension | Color LCD E-Bike,Stryder,44595,44590,5,0.01%,5,1,10.4,1,500,40,25,25
"Stryder DYNAMIQ 27.5"" Electric Cycle for Men and Women with 8.7Ah Removable Li-Ion NMC Battery, Intelligent Digital SOC Throttle, Hi-Tensile Steel Frame, up to 35 KM PAS Range, Unisex Electric Bicycle",Stryder,35295,31371,3924,11.12%,3.07,4,8.7,1,500,35,25,25
Stryder E-Vibe 27T Electric Cycle for Men & Women (5.2–6 Ft) | 250W BLDC Motor | 36V 8.7Ah Li-ion Battery | Dual Disc Brakes | Front Suspension | USB Charging | Password Display | E-Bike (Grey),Stryder,35495,30994,4501,12.68%,3.2,11,8.7,1,36,35,25,25
Stryder Zeeta Plus 27.5T Electric Bicycle/Cycle | 36V Li-Ion Battery | 250W BLDC Motor | Single Speed Rigid Suspension | Adjustable Seat Height | Ideal for 12+ Years (Green) 6015000050,Stryder,32995,28199,4796,14.54%,3.07,4,10.4,1,36,30,25,25
Stryder Zeeta Plus IC 27.5T Electric Bicycle/Cycle | 36V Li-Ion Battery | Single Speed Rigid Suspension|Dual Disc Brake with Auto Cut Functionality |Adjustable Seat Height| Ideal for 12+ Years (Black),Stryder,10241,10241,0,0.00%,1,1,7.65,2,36,30,25,25
Sunspeed Skyride BMV X6 Cycle 6 Spoke Blue & White Foldable Bicycle with 21 Speed Gear with Dual Disc Brake Carbon Frame Suspension for Men 26 inch Wheel Size,Sunspeed,29999,10991,19008,63.36%,3.3,244,17.56,1,500,48,26,25
SVITCH ELEGON Electric Bicycle for Man and Woman | Battery: 10.4 AH LI-ION | Motor: 36V 250W | Headlight: 280LM | INBUILT Horn | Front Fork Suspension | Range: 35-40 КМ ON Throttle (Silver),SVITCH,30999,30999,0,0.00%,4.2,4,10.4,1,36,50,25,25
SVITCH Lite XE Electric Bicycle for Men and Women | Lightweight Aluminum Frame | Powerful Motor & Long Battery Life | Foldable & Portable | Ideal for City & Off-Road (Grey),SVITCH,85399,85399,0,0.00%,1,1,10.4,1,500,80,25,25
SVITCH Velono Electric Bicycle for Man and Woman | Battery: 7.8 AH LI-ION | Motor: 36V 250W | Headlight: 280LM | Head Light | INBUILT Horn (Charcoal Grey),SVITCH,29999,29999,0,0.00%,5,2,7.8,1,36,30,25,25
SVITCH Velono Electric Bicycle for Man and Woman | Battery: 7.8 AH LI-ION | Motor: 36V 250W | Headlight: 280LM | Head Light | INBUILT Horn (Neon Green),SVITCH,29999,29999,0,0.00%,5,2,7.8,1,36,30,25,25
"SVITCH XE+ Electric Bicycle for Adults - Foldable E-Bike with 250W Motor, 48V 14.5Ah Battery (80-120 km Range), 8-Speed Shimano Gears, Dual Shock, Fat Tyres, Disc Brakes, LCD Display, LED Light (Grey)",SVITCH,159999,159999,0,0.00%,5,1,14.5,1,48,100,25,25
"TATTVALABS SJ-Warrior Unisex Electric Cycle|26""X1.95"" Ralson Tires|Dual Disc & Cut-Off Brakes|9Ah LG Li-Ion in-Built Battery|Fast Charging|Upto 50 Km Range on PAS|Cruise Control|Made in India",TATTVALABS,35000,22000,13000,37.14%,2.8,37,9,1,500,50,26,25
"TATTVALABS SJ-X1 Unisex Electric Cycle|26""X2.1"" Tires with Front Suspension|Dual Disc & Cut-Off Brakes|9Ah Li-Ion Removable Battery|Fast Charging|Upto 50 Km Range on PAS|Cruise Control|Made in India",TATTVALABS,40000,22400,17600,44.00%,3.4,16,9,1,500,50,26,25
"UBOARD Space Bike Electric Foldable Mini E-Bike with Air Rear Suspension|250W Motor, 36V 8Ah Battery, Up to 30 km Range, 25 km/h|Compact Lightweight Design, Dual Disc Brakes & LED Lights–Neon Green",UBOARD,50150,37999,12151,24.23%,4.4,20,8,1,36,30,25,25
"UBOARD Space Bike Electric Foldable Mini E-Bike|250W Motor, 36V 8Ah Battery, Up to 30 km Range, 25 km/h Speed|Lightweight Frame, Adjustable Seat, Dual Disc Brakes, LED Lights & LCD Display – Black",UBOARD,50150,40269,9881,19.70%,4.4,20,8,1,36,30,25,25
"UBOARD Space Bike Electric Foldable Mini E-Bike|250W Motor, 36V 8Ah Battery, Up to 30 km Range, 25 km/h|Lightweight Frame, Adjustable Seat, Dual Disc Brakes, LED Lights & LCD Display – Blue",UBOARD,69999,40269,29730,42.47%,4.4,20,8,1,36,30,25,25
"Ultrabikes Cityride Moped | 60V 25Ah Lithium Ion Battery | 550 Watt Motor | 50 Top Speed | Upto 80 Km in Single Charge. (Black), for Adult",Ultrabikes,45999,45999,0,0.00%,2.3,5,25,2,60,80,55,25
Ultrabikes Dazzle Foldable E Bicycle (Black),Ultrabikes,56999,56999,0,0.00%,2.3,5,13,2,500,105,35,25
"V1 Electric Cycle | Battery Cycle for Adults & Students | 36V Motor, 40 Km Range, Rechargeable E Bike with Disc Brakes (Storm SEA)",V1,25999,25999,0,0.00%,4.08,69,7.65,1,36,40,25,25
VELURA Back Seat Cargo Carrier Rear Bike Basket for Mountain Bike for Cycling Bikes with Lid|1 Rear Bike Basket|Baskets| Cycling |Sporting Goods,VELURA,8008,4705,3303,41.25%,4.08,69,17.56,2,500,48,26,25
VELURA Bike Cup Holder Bicycle Water Bottle Holder for Outdoor Mountain Road E Bike Purple|1 Set Bike Water Bottle,VELURA,2160,1105,1055,48.84%,4.08,69,17.56,2,500,48,26,25
VELURA Bike Cup Holder Bicycle Water Bottle Holder for Outdoor Mountain Road E Bike Purple|1 Set Bike Water Bottle |Sporting Goods|Sporting Goods|Sporting Goods,VELURA,2160,1105,1055,48.84%,4.08,69,17.56,2,500,48,26,25
VELURA Bike Rear Derailleur Hanger Extender Adapter Parts Compatible Large Sprocket Black|1 Bike Derailleur Hanger Extender|Derailleurs (Rear)| Cycling |Sporting Goods,VELURA,1480,776,704,47.57%,4.08,69,17.56,2,500,48,26,25
VELURA Kids Bike Helmet Set Portable for Skateboarding Outdoor Sports Rollerblading Pink|1x Helmet|Helmets| Cycling |Sporting Goods,VELURA,3204,1580,1624,50.69%,4.08,69,17.56,2,500,48,26,25
VELURA Kids Bike Tire High Performance Good Water Drainage Easy Installation Rubber Dia 40 cm|1 Bike Outer Tire|Tires| Cycling |Sporting Goods,VELURA,3370,1773,1597,47.39%,4.08,69,17.56,2,500,48,26,25
VELURA Kids Bike Training Wheels Sturdy for 16-24 inch Kids Bike for Riding Cycling|1 Pair Children Bikes Auxiliary Wheels|Training Wheels| Cycling |Sporting Goods,VELURA,7526,4027,3499,46.49%,4.08,69,17.56,2,500,48,26,25
Velzi Electric Cycle for Adults | Fat Tyre E-Bike | Dual Suspension | 25 km/h Top Speed | Comfortable Upright Ride | Stylish Urban Commuter Electric Bicycle (Onyx Black),Velzi,74999,54999,20000,26.67%,5,1,15.6,1,500,25,26,25
"Vigor ZX Electric Cycle with Dual Disc Brakes, 350w Hub Motor, 8.5Ah Li-Ion Battery, Throttle with Battery Indicator, 95% Pre-Assembled with Charger, Black Color,Fat Tyre ,(Black,Yellow,Pink)",Vigor,59999,39769,20230,33.72%,4.2,3,8.5,1,500,25,35,25
VigorEbike X FAT Tyre 20 x 400 Inches Lithium Ion E-Moto Bike 60 KM Range 48V Battery,VigorEbike,74999,48499,26500,35.33%,4.08,69,15.5,1,48,60,26,25
"VIR V3 Desert Raptor 27.5"" Electric Cycle: Lightweight Aluminum Frame, Detachable Battery, 50KM Range, Maxxis Tires, 250W hub Motor, 5-Level Display—Perfect ebike for Men, Women, and Kids",VIR,34999,34999,0,0.00%,5,2,14.5,12,500,50,25,25
